2530658,Isa,Abdul-Quddus,S
2539331,Oday,Aboushi,OG
2495101,Sam,Acho,LB
2532783,Mike,Adams,OT
2505708,Mike,Adams,S
2541958,Jahleel,Addae,S
2530474,Mario,Addison,DE
497260,Seyi,Ajirotutu,WR
660,Branden,Albert,OT
2506268,Lorenzo,Alexander,LB
2539653,Robert,Alford,CB
2532786,Antonio,Allen,CB
2533046,Dwayne,Allen,TE
2532787,Jeff,Allen,OG
2540154,Keenan,Allen,WR
2508043,Nate,Allen,CB
2539935,Kiko,Alonso,LB
496760,Tyson,Alualu,DE
2649,Danny,Amendola,WR
2540170,David,Amerson,CB
2495108,Prince,Amukamara,CB
2540269,C.J.,Anderson,RB
2507597,Colt,Anderson,CB
2506546,Derek,Anderson,QB
2539931,Ezekiel,Ansah,DE
2495112,David,Arkin,OG
2540228,Terron,Armstead,OT
2541792,Ray-Ray,Armstrong,LB
2507430,Kyle,Arrington,CB
2495258,Matt,Asiata,RB
496762,Geno,Atkins,DT
2539336,Tavon,Austin,WR
1330,Cliff,Avril,DE
2495491,Akeem,Ayers,LB
71193,Robert,Ayers,DE
2506398,Jonathan,Babineaux,DT
2535693,Johnson,Bademosi,CB
2495116,Allen,Bailey,DE
2540182,Alvin,Bailey,OG
2507557,Chris,Baker,DE
2533540,Edwin,Baker,RB
2540183,David,Bakhtiari,OT
2530747,Doug,Baldwin,WR
2539341,Montee,Ball,RB
2507850,Jake,Ballard,WR
2533012,Vick,Ballard,RB
2541192,Chris,Banjo,CB
2539262,Johnthan,Banks,CB
2535696,Joe,Banyard,RB
2495542,Allen,Barbre,OG
2534827,Don,Barclay,OG
2539268,Chris,Barker,OG
2539308,Matt,Barkley,QB
2508117,Joe,Barksdale,OT
2539289,Kenjon,Barner,RB
2506391,Khalif,Barnes,OT
2530479,Tim,Barnes,C
1060,Gary,Barnidge,TE
2540280,Sam,Barrington,LB
2532789,Mark,Barron,LB
71197,Connor,Barwin,LB
2540277,David,Bass,LB
2541539,Daren,Bates,LB
2507278,Jackie,Battle,RB
2533442,Kelvin,Beachum,OT
496980,Zane,Beadles,OG
2535698,Cole,Beasley,WR
2507782,Will,Beatty,OT
2539660,Nick,Becton,OT
2531030,Byron,Bell,OT
497145,Joique,Bell,RB
2540175,Le'Veon,Bell,RB
2535964,Josh,Bellamy,WR
2495262,Nick,Bellore,LB
2532790,Travis,Benjamin,WR
1062,Martellus,Bennett,TE
2507617,Michael,Bennett,DE
2506540,Joe,Berger,C
2540156,Giovani,Bernard,RB
496723,Eric,Berry,S
2495807,Antoine,Bethea,S
2532792,Justin,Bethel,CB
2533038,Justin,Blackmon,WR
2495809,Will,Blackmon,S
2534566,Valentino,Blake,CB
2532794,Robert,Blanton,CB
497149,LeGarrette,Blount,RB
2530827,Taylor,Boggs,C
2540225,Tommy,Bohanon,RB
2532797,Brandon,Bolden,RB
2505587,Anquan,Boldin,WR
2495123,Clint,Boling,OG
71211,Alex,Boone,OG
2539978,Jon,Bostic,LB
2541162,A.J.,Bouye,CB
2541430,Michael,Bowie,OT
2508088,NaVorro,Bowman,LB
2540181,Josh,Boyce,WR
2539263,Josh,Boyd,DT
2532798,Brandon,Boykin,CB
497095,Sam,Bradford,QB
2532800,Nigel,Bradham,LB
2504211,Tom,Brady,QB
2530666,Bryan,Braman,DE
2495561,Alan,Branch,DE
2532801,Andre,Branch,DE
1681,Tyvon,Branch,CB
2504775,Drew,Brees,QB
71217,Kenny,Britt,WR
2507917,Tramaine,Brock,CB
2533050,Michael,Brockers,DT
2507010,Ahmad,Brooks,LB
2534434,Brandon,Brooks,OG
2533332,Ron,Brooks,CB
2508061,Antonio,Brown,WR
2539245,Arthur,Brown,LB
2495126,Chykie,Brown,CB
808,Duane,Brown,OT
2541966,Jaron,Brown,WR
2540005,Marlon,Brown,WR
2507834,Sergio,Brown,CB
2532804,Zach,Brown,LB
2540278,Armonty,Bryant,DE
2531031,Corbin,Bryant,DT
2507568,Desmond,Bryant,DE
497278,Dez,Bryant,WR
2533058,Vontaze,Burfict,LB
2539265,Rex,Burkhead,RB
2541688,Marcus,Burley,CB
496727,Morgan,Burnett,S
2507817,Rafael,Bush,CB
2506874,Reggie,Bush,RB
2507203,Jermon,Bushrod,OG
2541388,Brice,Butler,WR
496729,Crezdon,Butler,CB
79897,Darius,Butler,S
496903,Donald,Butler,LB
2530491,Josh,Bynes,LB
79899,Jairus,Byrd,S
2535890,Travaris,Cadet,RB
2495267,Jordan,Cameron,TE
744,Calais,Campbell,DT
2506364,Jason,Campbell,QB
2495131,Marcus,Cannon,OT
2533029,Tank,Carder,LB
2507793,Don,Carey,S
1966,John,Carlson,WR
2495134,James,Carpenter,OG
4365,Brandon,Carr,CB
2539224,Tank,Carradine,LB
2534241,Derek,Carrier,TE
494254,Nolan,Carroll,CB
2495136,Bruce,Carter,LB
2508126,Chris,Carter,LB
2495476,Jurrell,Casey,DE
71249,Jonathan,Casillas,LB
2506562,Matt,Cassel,QB
2495137,Anthony,Castonzo,OT
2541140,Mike,Catapano,LB
2507218,Brent,Celek,TE
2534820,Garrett,Celek,TE
494257,Kam,Chancellor,S
2495573,Scott,Chandler,WR
925,Jamaal,Charles,RB
2533047,Orson,Charles,TE
2541925,Stefan,Charles,DT
2495138,Chimdi,Chekwa,CB
210,Gosder,Cherilus,OT
2495819,Chris,Chester,OG
1970,Tashard,Choice,RB
71251,Patrick,Chung,S
494259,Barry,Church,S
746,Ryan,Clady,OT
2533059,Morris,Claiborne,CB
2507358,Chris,Clark,OT
2495139,Charles,Clay,TE
2495140,Adrian,Clayborn,DE
2506895,Kellen,Clemens,QB
2495448,Randall,Cobb,WR
2532814,Audie,Cole,LB
2506482,Trent,Cole,LB
2534871,Derrick,Coleman,RB
494261,Kurt,Coleman,S
2539311,Jamie,Collins,LB
2532816,Tom,Compton,OT
2540013,Will,Compton,LB
2495272,Chris,Conte,S
71265,Jared,Cook,TE
2541202,Marcus,Cooper,CB
2532820,Kirk,Cousins,QB
2533051,Fletcher,Cox,DT
494265,Perrish,Cox,CB
71269,Michael,Crabtree,WR
2532992,Jack,Crawford,DE
2532822,Jared,Crick,DE
2541141,Marcus,Cromartie,CB
2507855,Victor,Cruz,WR
2507883,Jeff,Cumberland,TE
2541544,Benny,Cunningham,RB
2532825,Vinny,Curry,DE
80421,Brian,Cushing,LB
2495824,Jay,Cutler,QB
2539223,Johnathan,Cyprien,S
2495143,Andy,Dalton,QB
81284,Chase,Daniel,QB
2541429,B.J.,Daniels,WR
2532826,Mike,Daniels,DE
2495825,Owen,Daniels,WR
2506112,Karlos,Dansby,LB
2495478,Marcell,Dareus,DT
2532828,Lavonte,David,LB
2533349,Austin,Davis,QB
2541135,Cody,Davis,S
2533008,Demario,Davis,LB
2530575,Drew,Davis,WR
216,Fred,Davis,WR
2507486,Kellen,Davis,TE
2540178,Knile,Davis,RB
2534761,Ryan,Davis,DE
2506352,Thomas,Davis,LB
2495826,Vernon,Davis,TE
79901,Vontae,Davis,CB
2540217,Will,Davis,CB
2533043,David,DeCastro,OG
497284,Eric,Decker,WR
1974,Quintin,Demps,S
2495276,Akeem,Dent,LB
2530763,Patrick,DiMarco,RB
2539960,Quinton,Dial,DE
497224,Ed,Dickson,TE
497172,Anthony,Dixon,RB
2539256,Aaron,Dobson,WR
2537933,Larry,Donnell,TE
218,Glenn,Dorsey,DT
2507716,Demar,Dotson,OT
222,Harry,Douglas,WR
2507373,Leger,Douzable,DE
2540232,Jack,Doyle,TE
2495461,Shaun,Draughn,RB
497226,Jim,Dray,TE
2508044,Vladimir,Ducasse,OT
2495832,Elvis,Dumervil,LB
2535708,Lance,Dunbar,RB
496780,Carlos,Dunlap,DE
2507498,King,Dunlap,OT
2495597,Justin,Durant,LB
497286,Marcus,Easley,WR
2535132,Nate,Ebner,CB
238498,Julian,Edelman,WR
2539938,Lavar,Edwards,DE
2532834,Michael,Egnew,WR
2540148,Tyler,Eifert,TE
2540153,Matt,Elam,S
79844,Dannell,Ellerbe,LB
2539217,Andre,Ellington,WR
2532835,Rhett,Ellison,TE
2540158,Zach,Ertz,TE
2540211,Gavin,Escobar,TE
2506919,Jahri,Evans,OG
2540283,Josh,Evans,CB
2495479,Nick,Fairley,DT
2495835,Anthony,Fasano,TE
2539327,Joseph,Fauria,WR
71299,Tony,Fiammetta,WR
1072,Jermichael,Finley,WR
2539213,Eric,Fisher,OT
2506106,Larry,Fitzgerald,WR
2506581,Ryan,Fitzpatrick,QB
382,Joe,Flacco,QB
2532838,Coby,Fleener,TE
754,Brandon,Flowers,CB
2505785,Malcom,Floyd,WR
2532841,Michael,Floyd,WR
2540150,Sharrif,Floyd,DT
2540166,D.J.,Fluker,OT
367,Matt,Flynn,QB
2532842,Nick,Foles,QB
2534244,Chase,Ford,WR
497288,Jacoby,Ford,WR
927,Justin,Forsett,RB
234,Matt,Forte,RB
79555,Arian,Foster,RB
2495281,Mason,Foster,LB
81821,Ramon,Foster,OG
2539651,Reid,Fragel,OT
2541707,A.J.,Francis,DT
2539326,Johnathan,Franklin,RB
2495151,Orlando,Franklin,OG
2540161,Travis,Frederick,C
2514414,Jerrell,Freeman,LB
2505016,Dwight,Freeney,DE
2530765,Jonathan,Freeny,LB
2495283,Brandon,Fusco,C
2495441,Blaine,Gabbert,QB
2499275,Andrew,Gachkar,LB
496782,Junior,Galette,LB
2346,Pierre,Garcon,WR
71311,Andrew,Gardner,OG
2541777,Terence,Garvin,LB
2505299,Antonio,Gates,TE
2495284,Clyde,Gates,WR
2507220,William,Gay,CB
497176,Toby,Gerhart,RB
2533449,Adam,Gettis,OG
2540176,William,Gholston,DE
758,Breno,Giacomini,OT
81288,Brandon,Gibson,WR
1332,Wallace,Gilberry,DE
2508111,Marcus,Gilbert,OT
2495153,Marcus,Gilchrist,S
2539663,Mike,Gillislee,RB
2533062,Stephon,Gilmore,CB
2507166,Ted,Ginn,WR
2532848,Tashaun,Gipson,S
2532849,Cordy,Glenn,OT
2539275,Mike,Glennon,QB
2535988,Brittan,Golden,WR
2534822,Robert,Golden,S
2495611,Dashon,Goldson,CB
2506964,Kedric,Golston,DE
2500835,Tony,Gonzalez,WR
2533016,Najee,Goode,LB
2539264,Zaviar,Gooden,LB
2539215,Malliciah,Goodman,DE
80644,Mike,Goodson,RB
2539964,Marquise,Goodwin,WR
2537931,Josh,Gordon,WR
2506404,Frank,Gore,RB
2534764,Gino,Gradkowski,C
2539202,Chris,Gragg,TE
496788,Brandon,Graham,DE
2495613,Corey,Graham,S
497236,Jimmy,Graham,TE
2539946,Dwayne,Gratz,CB
2540259,MarQueis,Gray,TE
238,John,Greco,OG
2495450,A.J.,Green,WR
2532853,Ladarius,Green,TE
2495288,Virgil,Green,TE
2506881,Chad,Greenway,LB
497238,Jermaine,Gresham,TE
496790,Everson,Griffen,DE
2495614,Michael,Griffin,S
2541316,Ryan,Griffin,TE
2533033,Robert,Griffin III,QB
2506861,Brent,Grimes,CB
2534770,Jonathan,Grimes,RB
497240,Rob,Gronkowski,TE
1720,Letroy,Guion,DE
2495481,Lawrence,Guy,DE
496733,Joe,Haden,CB
2506883,Tamba,Hali,LB
2506108,DeAngelo,Hall,S
2495617,Leon,Hall,CB
2540147,Johnathan,Hankins,DT
2533028,James,Hanna,TE
497242,Clay,Harbor,TE
2533353,Cory,Harkey,TE
2541243,Duron,Harmon,S
2506893,Roman,Harper,S
2532859,Bryce,Harris,OT
2530510,Chris,Harris,CB
2495621,David,Harris,LB
2495159,Dwayne,Harris,WR
2536025,Michael,Harris,OG
2535718,Damon,Harrison,DT
2504844,James,Harrison,LB
81831,Brian,Hartline,WR
80425,Percy,Harvin,WR
2501078,Matt,Hasselbeck,QB
2508097,Andrew,Hawkins,WR
497012,Joe,Hawley,C
2539237,D.J.,Hayden,CB
4483,William,Hayes,DE
2532861,Casey,Hayward,CB
2541832,Jeff,Heath,S
1363,Erin,Henderson,LB
252,Chad,Henne,QB
2495164,Mark,Herzlich,LB
2506897,Devin,Hester,WR
2508109,Cameron,Heyward,DE
80427,Darrius,Heyward-Bey,WR
2533433,Akiem,Hicks,DE
2533057,Dont'a,Hightower,LB
2539292,Jordan,Hill,DT
2541834,Josh,Hill,TE
2504833,Shaun,Hill,QB
2533437,Ronnie,Hillman,RB
2532865,T.Y.,Hilton,WR
2539293,Gerald,Hodges,LB
2530515,Chris,Hogan,WR
2495453,Andre,Holmes,WR
2539307,Khaled,Holmes,C
2507780,Ziggy,Hood,DT
497246,Michael,Hoomanawanui,TE
2540165,DeAndre,Hopkins,WR
2539306,Wes,Horton,DE
2495170,Davon,House,CB
2508112,Rob,Housler,TE
2495493,Justin,Houston,LB
496794,Lamarr,Houston,LB
2507871,Austin,Howard,OT
2533006,Jaye,Howard,DT
81294,Brian,Hoyer,QB
2495171,Rodney,Hudson,C
496796,Jerry,Hughes,LB
2533451,John,Hughes,DE
2539944,Montori,Hughes,DT
2507644,Ramon,Humber,LB
2539310,Margus,Hunt,DE
2540151,Justin,Hunter,WR
2539240,Micah,Hyde,S
2507301,James,Ihedigbo,S
2532868,Duke,Ihenacho,CB
2495174,Ben,Ijalana,OT
2532869,George,Iloka,S
2506420,Richie,Incognito,OG
2495466,Mark,Ingram,RB
2532870,Melvin,Ingram,LB
2532871,Bruce,Irvin,LB
2541431,Kemal,Ishmael,S
497016,Mike,Iupati,OG
2507999,Chris,Ivory,RB
2532872,Asa,Jackson,CB
2506889,D'Qwell,Jackson,LB
1581,DeSean,Jackson,WR
2506871,Fred,Jackson,RB
496735,Kareem,Jackson,CB
2532873,Malik,Jackson,DT
2505936,Steven,Jackson,RB
2495863,Tarvaris,Jackson,QB
71341,Tyson,Jackson,DE
2506400,Vincent,Jackson,WR
2531080,Ben,Jacobs,LB
2506448,Brandon,Jacobs,RB
2541931,Charles,James,CB
2533036,LaMichael,James,RB
2540224,Mike,James,RB
79583,Ricky,Jean Francois,DT
2540164,Tony,Jefferson,S
2533039,Alshon,Jeffery,WR
2532876,A.J.,Jenkins,WR
2505363,Cullen,Jenkins,DT
2532875,Janoris,Jenkins,CB
2495178,Jarvis,Jenkins,DT
2540190,Jelani,Jenkins,LB
2539231,John,Jenkins,DT
79848,Malcolm,Jenkins,S
2507469,Mike,Jenkins,CB
2495867,Greg,Jennings,WR
71345,Rashad,Jennings,RB
2541159,Ryan,Jensen,OG
2495179,Jerrel,Jernigan,RB
2534866,Tony,Jerod-Eddie,DE
497018,John,Jerry,OG
2540139,Luke,Joeckel,OT
2505551,Andre,Johnson,WR
2495647,Calvin,Johnson,WR
2533452,Cam,Johnson,LB
2541147,Charles,Johnson,WR
2507187,Charles,Johnson,DE
262,Chris,Johnson,RB
2539958,Darius,Johnson,WR
79589,David,Johnson,TE
2539936,Dennis,Johnson,RB
2506353,Derrick,Johnson,LB
2517637,George,Johnson,DE
2495297,Jeron,Johnson,CB
264,Josh,Johnson,QB
2539286,Lane,Johnson,OT
2532878,Leonard,Johnson,CB
2507784,Michael,Johnson,DE
71353,Rashad,Johnson,S
768,Steve,Johnson,WR
2535514,Steven,Johnson,LB
2506779,Tom,Johnson,DT
2532877,Trumaine,Johnson,CB
163982,Will,Johnson,RB
2539230,Abry,Jones,DT
2506345,Adam,Jones,CB
2508055,Arthur,Jones,DE
2532883,Ben,Jones,C
2533538,Chandler,Jones,LB
2541408,Chris,Jones,DT
2499257,Colin,Jones,S
2539325,Datone,Jones,DE
2535724,Dominique,Jones,TE
2541154,Don,Jones,CB
2540137,Jarvis,Jones,LB
2495454,Julio,Jones,WR
2539287,Landry,Jones,QB
2532884,Marvin,Jones,WR
496739,Reshad,Jones,S
2495467,Taiwan,Jones,RB
2495184,Cameron,Jordan,DE
2539288,Dion,Jordan,DE
2495872,Johnathan,Joseph,CB
496802,Linval,Joseph,DT
2495186,Colin,Kaepernick,QB
2533131,Matt,Kalil,OT
2495655,Ryan,Kalil,C
1037847,Deji,Karim,RB
2532887,Jermaine,Kearse,WR
2532888,Case,Keenum,QB
2495298,Jason,Kelce,C
2540258,Travis,Kelce,TE
2535131,Dennis,Kelly,OT
2495187,Lance,Kendricks,TE
2532890,Mychal,Kendricks,LB
2495188,Shiloh,Keo,CB
2495189,Jeremy,Kerley,WR
2495190,Ryan,Kerrigan,LB
2495299,Daniel,Kilgore,C
2539235,Tavarres,King,WR
2533060,Dre,Kirkpatrick,CB
2539982,A.J.,Klein,LB
2541142,Josh,Kline,OG
2495300,Karl,Klug,DE
80656,Paul,Kruger,DE
2533056,Luke,Kuechly,LB
2541312,Eric,Kush,OG
497302,Brandon,LaFell,WR
2540168,Eddie,Lacy,RB
2534834,Jeremy,Lane,CB
89746,T.J.,Lang,OG
270,Kendall,Langford,DE
497026,Ted,Larsen,OG
497028,Shawn,Lauvao,OG
2532891,Josh,LeRibeus,OG
2533454,Ronald,Leary,OG
496937,Sean,Lee,LB
2541851,Tim,Lelito,OG
2540172,Corey,Lemonier,LB
2495660,Brian,Leonard,RB
2508004,Anthony,Levine,CB
71363,Andy,Levitre,OG
71365,DeAndre,Levy,LB
494277,Kendrick,Lewis,S
2495888,Marcedes,Lewis,TE
2541855,Patrick,Lewis,C
497121,Thad,Lewis,QB
2538147,Chris,Lewis-Harris,CB
1037896,Sean,Lissemore,DT
2495483,Corey,Liuget,DE
2540163,Bennie,Logan,DT
276,Chris,Long,DE
278,Jake,Long,OT
2539933,Kyle,Long,OG
2532896,Joe,Looney,OG
2539992,John,Lotulelei,LB
2539329,Star,Lotulelei,DT
2507837,Kyle,Love,DE
280,Dwight,Lowery,S
2533031,Andrew,Luck,QB
2495663,Marshawn,Lynch,RB
71375,Alex,Mack,C
2530713,Jeff,Maehl,WR
2495443,Ryan,Mallett,QB
2495891,Nick,Mangold,C
2505996,Eli,Manning,QB
2501863,Peyton,Manning,QB
1030,Mario,Manningham,WR
2539228,EJ,Manuel,QB
2540212,Stansly,Maponga,DE
2507918,Chris,Maragos,S
79603,Sen'Derrick,Marks,DT
2495893,Brandon,Marshall,WR
2532898,Brandon,Marshall,LB
2532899,Doug,Martin,RB
2541864,Josh,Martin,LB
2532900,Keshawn,Martin,WR
2533543,Bobby,Massie,OT
497248,Jeron,Mastrud,WR
1037901,Ricardo,Mathews,DE
497188,Ryan,Mathews,RB
2540180,Tyrann,Mathieu,S
2506418,Evan,Mathis,OG
2505566,Robert,Mathis,LB
80431,Clay,Matthews,LB
2532903,Rishard,Matthews,WR
79852,Rey,Maualuga,LB
2539294,Michael,Mauti,LB
2495310,Byron,Maxwell,CB
2542009,Benson,Mayowa,DE
238466,Brice,McCain,CB
2532905,Matt,McCants,OT
1037913,Robert,McClain,CB
2495311,Terrell,McClain,DT
496814,Albert,McClellan,LB
2532907,Shea,McClellin,LB
497190,Dexter,McCluster,WR
494287,Devin,McCourty,S
89756,Jason,McCourty,CB
2505076,Josh,McCown,QB
2506053,Luke,McCown,QB
497123,Colt,McCoy,QB
496816,Gerald,McCoy,DT
79607,LeSean,McCoy,RB
2540286,Demetrius,McCray,CB
2533340,Kelcie,McCray,S
2506816,Tony,McDaniel,DT
89758,Clinton,McDonald,DT
2539309,T.J.,McDonald,CB
2540215,Vance,McDonald,TE
2539243,Bradley,McDougald,CB
284,Darren,McFadden,RB
2539300,Leon,McFadden,CB
2539285,Stacy,McGee,DT
2542065,Matt,McGloin,QB
2535943,Sean,McGrath,TE
1298,Leodis,McKelvin,CB
2507590,Steve,McLendon,DT
2534832,Rodney,McLeod,S
494289,Sherrick,McManis,CB
2541174,Josh,McNary,LB
2495201,Pernell,McPhee,LB
2541310,Steven,Means,DE
2495677,Brandon,Mebane,DT
2541309,Jonathan,Meeks,CB
2541200,Rashaan,Melvin,CB
2533049,Whitney,Mercilus,LB
2539322,Christine,Michael,RB
2540287,Rontez,Miles,S
2533034,Lamar,Miller,RB
79611,Roy,Miller,DT
2495202,Von,Miller,LB
2540229,Jordan,Mills,OT
2541868,Keavon,Milton,OT
2540140,Barkevious,Mingo,LB
2540159,Kevin,Minter,LB
496820,Koa,Misi,LB
496822,Earl,Mitchell,DT
238227,Mike,Mitchell,S
496825,Arthur,Moats,LB
2540138,Damontre,Moore,DE
2532917,Kellen,Moore,QB
2507282,Matt,Moore,QB
2495503,Rahim,Moore,CB
2539220,Sio,Moore,LB
2531177,Sterling,Moore,CB
496828,Derrick,Morgan,LB
2530790,Mike,Morgan,LB
2533457,Alfred,Morris,RB
2541629,Darryl,Morris,CB
2507405,Matthew,Mulligan,TE
2541871,Andy,Mulumba,LB
80668,Captain,Munnerlyn,CB
2495207,DeMarco,Murray,RB
89766,Brandon,Myers,TE
2539961,Ryan,Nassib,QB
2507884,David,Nelson,WR
1032,Jordy,Nelson,WR
2507167,Reggie,Nelson,S
497030,Marshall,Newhouse,OG
2505552,Terence,Newman,CB
2495455,Cam,Newton,QB
2495320,Derek,Newton,OT
2506879,Haloti,Ngata,DT
80672,Hakeem,Nicks,WR
2495920,Rob,Ninkovich,LB
2535604,Danny,Noble,WR
2532920,Josh,Norman,CB
496835,Jared,Odrick,DE
80674,Chris,Ogbonnaya,RB
2540143,Alec,Ogletree,LB
81857,Kevin,Ogletree,WR
71419,Michael,Oher,OT
2539319,Alex,Okafor,DE
497032,Russell,Okung,OT
2495700,Greg,Olsen,TE
2539259,Patrick,Omameh,OG
71423,Brian,Orakpo,LB
2506481,Dan,Orlovsky,QB
2506444,Kyle,Orton,QB
2532922,Kelechi,Osemele,OG
2533436,Brock,Osweiler,QB
2532923,Chris,Owusu,WR
2495210,Stephen,Paea,DT
2533544,Eric,Page,WR
81300,Curtis,Painter,QB
2505245,Carson,Palmer,QB
2541315,Nate,Palmer,LB
2530794,Ron,Parker,S
2507728,Jermey,Parnell,OT
2535837,Austin,Pasztor,OT
2540145,Cordarrelle,Patterson,WR
2539250,Quinton,Patton,WR
2495211,Niles,Paul,TE
2507828,Logan,Paulsen,TE
2532924,David,Paulson,WR
2530855,Spencer,Paysinger,LB
79629,Cedric,Peerman,RB
2506925,Domata,Peko,DT
2506706,Donald,Penn,OT
2505010,Julius,Peppers,DE
2533048,Nick,Perry,LB
2508140,Mike,Person,OG
496841,Corey,Peters,DT
2505827,Jason,Peters,OT
2507164,Adrian,Peterson,RB
2495504,Patrick,Peterson,CB
2495212,Austin,Pettis,WR
71435,John,Phillips,TE
2533545,Bernard,Pierce,RB
496843,Jason,Pierre-Paul,DE
497254,Dennis,Pitta,TE
2532928,Eddie,Pleasant,CB
2533435,Dontari,Poe,DT
2495215,Christian,Ponder,QB
2507471,Tracy,Porter,CB
2495712,Paul,Posluszny,LB
497042,Maurkice,Pouncey,C
2495216,Mike,Pouncey,C
2495328,Bilal,Powell,RB
80680,Jerraud,Powers,CB
2539290,Jordan,Poyer,S
2539670,Sheldon,Price,CB
2499249,Chris,Prosinski,S
2531332,Terrelle,Pryor,WR
2540195,Justin,Pugh,OG
2532933,Brian,Quick,WR
71441,Glover,Quin,S
2495485,Robert,Quinn,DE
2534571,Bobby,Rainey,RB
2539234,Bacarri,Rambo,S
2540171,Joseph,Randle,RB
2533533,Rueben,Randle,WR
2495218,Brooks,Reed,DE
2540160,Jordan,Reed,TE
2540152,Eric,Reid,S
2495434,Jah,Reid,OG
2533042,Riley,Reiff,OT
2535607,Mike,Remmers,OT
2495717,Darrelle,Revis,CB
2507843,Vincent,Rey,LB
2532937,Kendall,Reyes,DT
2541741,LaRoy,Reynolds,LB
2540155,Xavier,Rhodes,CB
941,Ray,Rice,RB
2495718,Sidney,Rice,WR
2534789,Daryl,Richardson,RB
2540142,Sheldon,Richardson,DE
2533032,Trent,Richardson,RB
2540020,Theo,Riddick,RB
496949,Perry,Riley,LB
2539995,Mychal,Rivera,TE
2506121,Philip,Rivers,QB
497320,Andre,Roberts,WR
2532431,Craig,Robertson,LB
2540197,Nickell,Robey-Coleman,CB
2495331,Aldrick,Robinson,WR
2539260,Denard,Robinson,RB
2533542,Josh,Robinson,CB
2542022,Khiry,Robinson,RB
2508084,Patrick,Robinson,CB
2535842,Trevor,Robinson,OG
2495723,Brian,Robison,DE
2506363,Aaron,Rodgers,QB
2495471,Jacquizz,Rodgers,RB
306,Dominique,Rodgers-Cromartie,CB
2506109,Ben,Roethlisberger,QB
2541635,Jumal,Rolle,CB
2530598,Jeremy,Ross,WR
1990,Eddie,Royal,WR
1344,Ahtyba,Rubin,DT
2506908,Frostee,Rucker,DE
2495438,Kyle,Rudolph,TE
2540162,Logan,Ryan,CB
310,Matt,Ryan,QB
497048,Rodger,Saffold,OG
2507731,Garrison,Sanborn,C
79858,Mark,Sanchez,QB
2540267,Ace,Sanders,WR
497322,Emmanuel,Sanders,WR
71459,Jamarca,Sanford,S
2533040,Mohamed,Sanu,WR
2495338,Dane,Sanzenbacher,WR
2307,Orlando,Scandrick,CB
2495942,Tony,Scheffler,WR
2541521,Ryan,Schraeder,OT
2532945,Mitchell,Schwartz,OT
2540216,Brian,Schwenke,C
2508054,Chris,Scott,OG
2495227,Da'Rel,Scott,RB
2495339,Da'Norris,Searcy,S
2525323,Andrew,Sendejo,S
2532946,Coty,Sensabaugh,CB
2535609,DeShawn,Shead,CB
2495228,Jabaal,Sheard,LB
2532989,Derrick,Shelby,DE
2541944,Russell,Shepard,WR
2495229,Kelvin,Sheppard,LB
2508007,Marcus,Sherels,CB
2495507,Richard,Sherman,CB
1037374,Sam,Shields,CB
71461,A.Q.,Shipley,C
2539296,Kawann,Short,DT
2495341,Cecil,Shorts,WR
2532947,Amini,Silatolu,OG
2495486,Sealver,Siliga,DT
2534889,Matt,Simms,QB
2539280,John,Simon,LB
2540200,Dion,Sims,TE
1037852,Eugene,Sims,DE
786,Pat,Sims,DT
4485,Josh,Sitton,OG
2495343,Buster,Skrine,CB
2507673,Dan,Skuta,LB
4487,Matthew,Slater,WR
81871,Matt,Slauson,C
2540288,Darius,Slay,CB
2495487,Aldon,Smith,LB
2506340,Alex,Smith,QB
71465,Andre,Smith,OT
89798,Antone,Smith,RB
2505988,Antonio,Smith,DE
2506029,Daryl,Smith,LB
2507701,Evan,Smith,OG
2539335,Geno,Smith,QB
2532948,Harrison,Smith,S
2508107,Jimmy,Smith,CB
2495347,Lee,Smith,TE
2499278,Malcolm,Smith,LB
2507783,Sean,Smith,CB
2504595,Steve,Smith,WR
2495459,Torrey,Smith,WR
2495435,Tyron,Smith,OT
2495232,Nate,Solder,OT
2507195,Paul,Soliai,DE
2535866,Bradley,Sowell,OT
2540201,Akeem,Spence,DT
496953,Brandon,Spikes,LB
497204,C.J.,Spiller,RB
2506467,Darren,Sproles,RB
2540003,Damion,Square,DT
2539266,Daimion,Stafford,CB
79860,Matthew,Stafford,QB
2495746,Joe,Staley,OT
2535867,Julian,Stanford,LB
2495748,Drew,Stanton,QB
497206,James,Starks,RB
2532993,Donald,Stephenson,OT
494307,Darian,Stewart,S
949,Jonathan,Stewart,RB
2532954,Devon,Still,DT
2540202,Kenny,Stills,WR
2495234,Luke,Stocker,TE
2539283,Jake,Stoneburner,TE
2535869,Rod,Streater,WR
2506974,Zach,Strief,OT
494309,Darrell,Stuckey,CB
2533459,Nate,Stupar,LB
2505660,Terrell,Suggs,LB
496861,Ndamukong,Suh,DT
2507491,John,Sullivan,C
2535535,Phillip,Supernaw,TE
2539943,D.J.,Swearinger,S
2533342,J.R.,Sweezy,OG
1302,Aqib,Talib,CB
324,Jacob,Tamme,TE
2534741,Keith,Tandy,S
2532956,Ryan,Tannehill,QB
2534870,Alex,Tanney,QB
2506899,Darryl,Tapp,DE
497208,Ben,Tate,RB
81306,Brandon,Tate,WR
497326,Golden,Tate,WR
2539304,Devin,Taylor,DE
2539932,Jamar,Taylor,CB
2530738,Kerry,Taylor,WR
2541898,Lane,Taylor,OG
2508106,Phillip,Taylor,DT
2539315,Stepfan,Taylor,RB
2495240,Tyrod,Taylor,QB
2539277,Manti,Te'o,LB
2507596,Marcus,Thigpen,WR
496865,Cam,Thomas,DT
2539317,Dallas,Thomas,OG
497328,Demaryius,Thomas,WR
2508080,Earl,Thomas,S
2508132,J.T.,Thomas,LB
2507162,Joe,Thomas,OT
2508121,Josh,Thomas,CB
2495353,Julius,Thomas,TE
2535687,Michael,Thomas,S
2507141,Pierre,Thomas,RB
2539937,Shamarko,Thomas,CB
2532959,Brandon,Thompson,DT
2540011,Chris,Thompson,RB
2534436,Deonte,Thompson,WR
2495356,Cedric,Thornton,DT
2495762,Lawrence,Timmons,LB
2541946,Matt,Tobin,OG
2495472,Jordan,Todman,RB
2540203,Levine,Toilolo,TE
237680,Greg,Toler,CB
2495425,Scott,Tolzien,QB
2532960,Nick,Toon,WR
2530868,Justin,Trattou,DE
2541756,Brynden,Trawick,CB
2540292,JC,Tretter,C
2532961,Danny,Trevathan,LB
2539334,Desmond,Trufant,CB
2507277,Jason,Trusnik,LB
2506921,Stephen,Tulloch,LB
2533460,Robert,Turbin,RB
71491,Tiquan,Underwood,WR
71493,Max,Unger,C
2508016,Mitch,Unrein,DE
2532964,Courtney,Upshaw,DE
71495,Kraig,Urbik,C
2539320,Kenny,Vaccaro,S
497061,Jared,Veldheer,OT
2541760,Joe,Vellano,DT
2495473,Shane,Vereen,RB
494317,Alterraun,Verner,CB
2533534,Olivier,Vernon,DE
2504531,Mike,Vick,QB
89814,Sebastian,Vollmer,OT
2539324,LaAdrian,Waddle,OT
2532965,Trevin,Wade,CB
2532966,Bobby,Wagner,LB
2539340,Ricky,Wagner,OT
2506314,Cameron,Wake,DE
2507488,Erik,Walden,LB
2495966,Delanie,Walker,TE
2535892,Tyrunn,Walker,DE
79657,Vance,Walker,DE
1270,Cody,Wallace,C
2507763,Mike,Wallace,WR
2505562,Seneca,Wallace,QB
494323,T.J.,Ward,S
2540204,Spencer,Ware,RB
2539248,Larry,Warford,OG
2539194,Chance,Warmack,OG
2539232,Cornelius,Washington,DE
496959,Daryl,Washington,LB
2539242,Earl,Watford,OG
2506122,Benjamin,Watson,TE
496961,Dekoda,Watson,LB
2540206,Menelik,Watson,OT
2495488,J.J.,Watt,DE
2504747,Reggie,Wayne,WR
496963,Sean,Weatherspoon,LB
2539338,B.W.,Webb,CB
1037347,Joe,Webb,QB
81879,Lardarius,Webb,S
2540291,Kayvon,Webster,CB
2495775,Eric,Weddle,S
2532970,Brandon,Weeden,QB
2507029,Eric,Weems,WR
2505790,Wes,Welker,WR
2507341,Ryan,Wendell,OG
2539291,Markus,Wheaton,WR
330,Philip,Wheeler,LB
2532972,Corey,White,CB
2541905,Myles,White,WR
2532986,Tahir,Whitehead,LB
2495988,Donte,Whitner,S
2540037,Fozzy,Whittaker,RB
2495977,Andrew,Whitworth,OT
2530556,Kenny,Wiggins,OG
2532974,Kyle,Wilber,LB
2540219,J.J.,Wilcox,CB
2505916,Vince,Wilfork,DT
2532331,Michael,Wilhoite,LB
2495490,Muhammad,Wilkerson,DE
2508110,Aaron,Williams,S
2539645,Brandon,Williams,TE
2541302,Brandon,Williams,DT
2508083,Dan,Williams,DT
2495979,DeAngelo,Williams,RB
2539269,Duke,Williams,S
2539980,Kerwynn,Williams,RB
2506931,Kyle,Williams,DE
2495982,Mario,Williams,DE
2540279,Nick,Williams,WR
2539233,Shawn,Williams,S
2539270,Sylvester,Williams,DT
2508077,Teddy,Williams,CB
2539205,Terrance,Williams,WR
2539934,Tourek,Williams,LB
2506789,Tramon,Williams,CB
497073,Trent,Williams,OT
2540221,Vince,Williams,LB
2541199,Luke,Willson,TE
2508068,C.J.,Wilson,DE
79527,Kyle,Wilson,CB
2540177,Marquess,Wilson,WR
2532975,Russell,Wilson,QB
2534830,Tavon,Wilson,S
2532976,Billy,Winn,DE
2495986,Eric,Winston,OT
2539247,Brian,Winters,OG
2495250,Stefen,Wisniewski,OG
2505629,Jason,Witten,TE
2533026,Derek,Wolfe,DE
2539966,Earl,Wolff,CB
71523,Eric,Wood,C
4327,Danny,Woodhead,RB
496881,Al,Woods,DT
2540169,Robert,Woods,WR
2354,Wesley,Woodyard,LB
2541535,Paul,Worrilow,LB
2533052,Jerel,Worthy,DT
2539219,Blidi,Wreh-Wilson,CB
2532978,Jarius,Wright,WR
2495252,K.J.,Wright,LB
2532977,Kendall,Wright,WR
2495251,Shareece,Wright,CB
2541768,Timothy,Wright,TE
2507188,Marshal,Yanda,OG
2508123,T.J.,Yates,QB
2508058,Sam,Young,OT
2508063,Willie,Young,LB
2532980,Kevin,Zeitler,OG
2507948,Frank,Zombo,LB
846,Jeremy,Zuttah,C
2543495,Davante,Adams,WR
2534763,Jeff,Adams,OT
2530660,Kamar,Aiken,WR
2543724,Walt,Aikens,S
2550145,Maurice,Alexander,S
2543884,Beau,Allen,DT
2550472,Josh,Allen,C
2543850,Ricardo,Allen,S
2543481,Jace,Amaro,TE
2550540,George,Atkinson,RB
2543717,Jeremiah,Attaochu,LB
2550646,Denico,Autry,DE
2540276,T.J.,Barnes,DT
2543459,Anthony,Barr,LB
2550541,Shaquil,Barrett,LB
2543727,Lamin,Barrow,LB
2543496,Odell,Beckham,WR
2543471,Kelvin,Benjamin,WR
2543855,Bene',Benwikere,CB
2533010,Tony,Bergstrom,C
2543643,Nat,Berhe,S
2535966,Brenton,Bersin,WR
2550542,Kapri,Bibbs,RB
2543737,Joel,Bitonio,OG
2543600,Alfred,Blue,RB
2543622,Russell,Bodine,C
2543477,Blake,Bortles,QB
2543830,Tre,Boston,CB
2550150,Luke,Bowanko,C
2543552,Carl,Bradford,LB
2550656,Cameron,Brate,TE
2543571,Bashaud,Breeland,CB
2543465,Teddy,Bridgewater,QB
2550135,Justin,Britt,C
2543860,Jay,Bromley,DT
2543712,Terrence,Brooks,CB
2550546,Corey,Brown,WR
2543847,John,Brown,WR
2543814,Preston,Brown,LB
2543572,Martavis,Bryant,WR
2543769,Deone,Bucannon,LB
496988,Bryan,Bulaga,OT
2550284,Trey,Burton,TE
2550613,Malcolm,Butler,CB
2550163,Michael,Campanaro,WR
2543551,Ka'Deem,Carey,RB
2543499,Derek,Carr,QB
2543554,Ryan,Carrethers,DT
2550164,T.J.,Carrie,S
71247,James,Casey,WR
2543881,Will,Clarke,DE
2550454,Asante,Cleveland,TE
2543470,Ha Ha,Clinton-Dix,S
2543456,Jadeveon,Clowney,DE
2543799,Ross,Cockrell,CB
2550328,Brandon,Coleman,WR
2550549,Deandre,Coleman,DT
2543501,Aaron,Colvin,CB
2543498,Brandin,Cooks,WR
2539272,Jonathan,Cooper,OG
2550285,Brock,Coyle,LB
2532821,Tyrone,Crawford,DE
2543639,Scott,Crichton,DE
2550189,Isaiah,Crowell,RB
2551359,Jerome,Cunningham,TE
2550481,Orleans,Darkwa,RB
2550930,Todd,Davis,LB
2543474,Darqueze,Dennard,CB
2543811,Pierre,Desir,CB
2540247,Jordan,Devey,OG
2543626,Brandon,Dixon,CB
2550338,Brian,Dixon,CB
2543485,Aaron,Donald,DT
2543805,Dakota,Dozier,OG
2550557,Greg,Ducre,CB
2550559,Brandon,Dunn,DT
2543816,Laurent,Duvernay-Tardif,OG
2543484,Kony,Ealy,DE
2543487,Dominique,Easley,DT
2543466,Eric,Ebron,TE
2550647,Kasim,Edebali,LB
2543646,Bruce,Ellington,WR
2550196,Jay,Elliott,LB
2543812,Justin,Ellis,DT
2543828,Quincy,Enunwa,WR
2543468,Mike,Evans,WR
2543680,Antone,Exum,CB
2543751,David,Fales,QB
2550160,Terrence,Fede,DE
2506619,Daniel,Fells,WR
2540928,Darren,Fells,TE
2543721,C.J.,Fiedorowicz,TE
2543654,Cameron,Fleming,OT
2549896,Marquis,Flowers,LB
2543494,Dee,Ford,LB
2535613,L.J.,Fort,LB
2543583,Devonta,Freeman,RB
2540261,Corey,Fuller,WR
2543681,Kyle,Fuller,CB
2543862,Zach,Fulton,OG
2550617,Taylor,Gabriel,WR
2543823,E.J.,Gaines,CB
2543851,Phillip,Gaines,CB
2507865,Ben,Garland,C
2543801,Jimmy,Garoppolo,QB
2550468,Garry,Gilliam,OT
2543794,Crockett,Gillmore,TE
2550565,Adarius,Glanton,LB
2543557,Demetri,Goodson,CB
2543759,Ryan,Grant,WR
2550569,Ryan,Groy,C
2495843,Derek,Hagan,WR
2543478,Ra'Shede,Hageman,DT
2495157,Chris,Hairston,OT
2543874,Andre,Hal,S
2541828,Frankie,Hammond,WR
2541187,Demetrius,Harris,TE
2530690,DuJuan,Harris,RB
2549926,Shelby,Harris,DE
2550205,Jonotthan,Harrison,C
2543747,Taylor,Hart,DE
2536071,Cooper,Helfet,TE
2543730,Seantrel,Henderson,OT
2550206,Ryan,Hewitt,TE
2543603,Jeremy,Hill,RB
258,Tony,Hills,OT
2543592,Anthony,Hitchens,LB
2541716,Chris,Hubbard,OT
2543746,Josh,Huff,WR
2543776,Marqueston,Huff,CB
2550353,Allen,Hurns,WR
2541837,Demontre,Hurst,CB
2550210,James,Hurst,OT
2543743,Carlos,Hyde,RB
2530700,Dontrelle,Inman,WR
2543733,Gabe,Jackson,OG
2543755,Ja'Wuan,James,OT
2543750,Jeff,Janis,WR
2543461,Timmy,Jernigan,DT
2550489,Anthony,Johnson,DT
2536031,Damaris,Johnson,WR
2543739,Dontae,Johnson,CB
2549915,Randell,Johnson,LB
2543570,Storm,Johnson,RB
2540251,T.J.,Johnson,OG
2543763,Wesley,Johnson,C
2550572,Christian,Jones,LB
2543504,DaQuan,Jones,DE
2543492,Lamarcus,Joyner,CB
2532889,Senio,Kelemete,OG
2543869,Devon,Kennard,LB
2550575,Zach,Kerr,DT
2540008,David,King,DE
2543720,Christian,Kirksey,LB
2536032,Emmanuel,Lamur,LB
2543488,Jarvis,Landry,WR
2536532,Jorvorskie,Lane,RB
2543590,Cody,Latimer,WR
2543490,Demarcus,Lawrence,DE
2543872,Nevin,Lawson,CB
2543475,Marqise,Lee,WR
2550169,"Charles, Jr.",Leno,OT
2550132,Taylor,Lewan,OT
2495469,Dion,Lewis,RB
2543729,Brandon,Linder,C
2532894,Ryan,Lindley,QB
2543631,Corey,Linsley,C
2550140,Spencer,Long,C
2550221,Cornelius,Lucas,OT
2543650,Aaron,Lynch,LB
2543463,Khalil,Mack,DE
80429,Jeremy,Maclin,WR
2543462,Johnny,Manziel,QB
1037885,Marc,Mariani,WR
2543868,Cassius,Marsh,LB
2543738,Kareem,Martin,LB
2543670,Marcus,Martin,C
2543480,Zack,Martin,OG
2550223,Freddie,Martino,WR
2531049,Chris,Matthews,WR
2543758,Jake,Matthews,OT
2543500,Jordan,Matthews,WR
79605,Josh,Mauga,LB
2550437,Josh,Mauro,DE
2550628,Chris,McCain,LB
2543497,AJ,McCarron,QB
496941,Rolando,McClain,LB
2550305,L.J.,McCray,CB
2539662,Lerentee,McCray,LB
2550154,Dan,McCullers-Sanders,DT
2550228,Dewey,McDonald,LB
2543762,Keith,McGill,S
2543715,Jerick,McKinnon,RB
2550230,Jamie,Meder,DE
2543744,Jack,Mewhort,OG
2543637,Terrance,Mitchell,CB
2543614,Donte,Moncrief,WR
2543796,Zach,Moore,DE
2543489,Morgan,Moses,OT
2543464,C.J.,Mosley,LB
2543503,Trent,Murphy,DE
2541161,Latavius,Murray,RB
2550167,Corey,Nelson,LB
2550631,Robert,Nelson,CB
2543628,Troy,Niklas,TE
2550589,Andrew,Norwell,OG
2543689,Kevin,Norwood,WR
2543539,Michael,Ola,OT
2550658,Branden,Oliver,RB
2540255,Vinston,Painter,OT
2550460,Tenny,Palepoi,DE
2549971,Kevin,Pamphile,OG
497312,Preston,Parker,WR
2550659,Tyler,Patmon,CB
2550242,Mike,Pennel,DE
2550842,Adrian,Phillips,S
2543563,Kevin,Pierre-Louis,LB
2543579,Ronald,Powell,LB
2543619,Walt,Powell,WR
2543624,Jabari,Price,CB
2543469,Calvin,Pryor,CB
2541634,Mike,Purcell,DT
2543748,Caraun,Reid,DT
2543676,Trevor,Reilly,LB
2543697,Cyril,Richardson,OG
2543491,Paul,Richardson,WR
2543705,Weston,Richburg,C
2550442,Marcus,Roberson,CB
2543509,Allen,Robinson,WR
2543458,Greg,Robinson,OT
2532940,Keenan,Robinson,LB
2543505,Bradley,Roby,CB
2550313,Richard,Rodgers,TE
2541940,Rashad,Ross,WR
2543682,Bishop,Sankey,RB
2543640,Tom,Savage,QB
2543732,Michael,Schofield,OG
2543683,Austin,Seferian-Jenkins,TE
2550398,Tyler,Shatley,OG
2550252,Connor,Shaw,QB
2543486,Ryan,Shazier,LB
2540199,Tharold,Simon,CB
2550599,Scott,Simonson,TE
2543770,Charles,Sims,RB
2550462,Jeremiah,Sirles,OT
2550308,Deontae,Skinner,LB
2543692,Chris,Smith,DE
2533005,Jacquies,Smith,DE
2543725,Marcus,Smith,DE
2543711,Telvin,Smith,LB
2550257,Daniel,Sorensen,CB
2543775,Dezmen,Southward,CB
2532952,Sean,Spence,LB
2541597,Justin,Staples,LB
2550404,Anthony,Steen,C
2543706,Shamar,Stephen,DT
2543688,Ed,Stinson,DE
2550258,James,Stone,C
2543641,Devin,Street,WR
2543666,Xavier,Su'a-Filo,OG
2543549,Vinnie,Sunseri,CB
2543691,Will,Sutton,DT
2543506,Travis,Swanson,C
2507585,Will,Ta'ufo'ou,WR
2543704,Lorenzo,Taliaferro,RB
2541785,Adam,Thielen,WR
2543638,De'Anthony,Thomas,WR
2543767,Logan,Thomas,QB
2550532,Robert,Thomas,DT
2550263,Juwan,Thompson,RB
2535582,Peyton,Thompson,CB
2534846,Neiko,Thorpe,CB
2533351,Andrew,Tiller,OG
2550407,Zurlon,Tipton,WR
2534567,Korey,Toomer,LB
2550738,Fitzgerald,Toussaint,RB
2550147,Jordan,Tripp,LB
2543483,Stephon,Tuitt,DE
2543740,Billy,Turner,OG
2543606,Trai,Turner,OG
2543845,John,Urschel,OG
2543699,Kyle,Van Noy,LB
2543493,Jason,Verrett,CB
2543741,Jimmie,Ward,CB
2495967,Leon,Washington,RB
2543707,Jaylen,Watkins,CB
2543457,Sammy,Watkins,WR
2549919,Brandon,Watts,LB
2543786,Larry,Webster,DE
2550416,Josh,Wells,OT
2550268,Charcandrick,West,RB
2543664,Terrance,West,RB
2550449,Ethan,Westbrooks,DE
2543773,James,White,RB
2543565,Andre,Williams,RB
2550512,Damien,Williams,RB
2550654,K'Waun,Williams,CB
2550605,Marcus,Williams,CB
2541479,Nick,Williams,DT
2543597,Avery,Williamson,LB
2550272,Albert,Wilson,WR
2541910,George,Winn,RB
2550162,James,Wright,WR
2550312,Kerry,Wynn,DE
2543657,David,Yankey,OG
2543774,Jared,Abbrederis,WR
2552374,Ameer,Abdullah,RB
2549981,Kenneth,Acker,CB
2554332,Jude,Adjei-Barimah,CB
2552600,Nelson,Agholor,WR
2552582,Jay,Ajayi,RB
2553442,D.J.,Alexander,LB
2552592,Kwon,Alexander,LB
2552650,Mario,Alford,WR
2552631,Javorius,Allen,RB
2552385,Adrian,Amos,S
2552272,Henry,Anderson,DE
2553488,Jonathan,Anderson,LB
2553632,David,Andrews,C
2550277,Josh,Andrews,OG
2552321,Stephone,Anthony,LB
2553633,Thurston,Armbrister,LB
2552493,Arik,Armstead,DE
2552375,Cameron,Artis-Payne,RB
2553862,Richard,Ash,DT
2552680,Neiron,Ball,LB
2549940,Lonnie,Ballentine,S
2553789,Tavaris,Barnes,DE
2553915,Houston,Bates,LB
2552301,Vic,Beasley,LB
2552478,Blake,Bell,TE
2552733,Michael,Bennett,DT
2552670,Angelo,Blackson,DT
2552402,Nick,Boyle,TE
2553467,Quan,Bray,WR
2552615,Delvin,Breaux,CB
2553900,Daniel,Brown,TE
2552340,Jamon,Brown,OG
2534835,Kourtnei,Brown,DE
2552382,Malcolm,Brown,RB
2552483,Malcom,Brown,DT
2552350,Trent,Brown,OT
2552636,Michael,Burton,RB
2553869,Tyreek,Burwell,OT
2550183,Jeremy,Butler,WR
2553500,Bryce,Callahan,CB
2552605,Ibraheim,Campbell,S
2552330,A.J.,Cann,OG
2552266,Anthony,Chickillo,LB
2552629,Frank,Clark,DE
2539974,Emmett,Cleary,OT
2552365,T.J.,Clemmings,OT
2552470,Sammie,Coates,WR
2553637,Justin,Coleman,CB
2552453,Tevin,Coleman,RB
2552573,Jalen,Collins,CB
2553505,La'el,Collins,OG
2552454,Landon,Collins,S
2552652,Chris,Conley,WR
2552487,Amari,Cooper,WR
2552611,Xavier,Cooper,DE
2541695,Brandon,Copeland,LB
2552602,Christian,Covington,DE
2552415,Jamison,Crowder,WR
2552689,Ronald,Darby,CB
2552280,Carl,Davis,DE
2552654,Geremy,Davis,WR
2553439,Mike,Davis,RB
2552329,Tyeler,Davison,DT
2552318,P.J.,Dawson,LB
2553706,Ryan,Delaire,DE
2552262,Quandre,Diggs,CB
2552608,Stefon,Diggs,WR
2552352,Andrew,Donnal,OT
2552424,Phillip,Dorsett,WR
2552599,Lorenzo,Doss,CB
2552339,Jamil,Douglas,OG
2553519,Kurtis,Drummond,S
2553796,Quinton,Dunbar,CB
2552289,Bud,Dupree,LB
2553876,Donteea,Dye,WR
2553877,Nick,Dzubnar,LB
2553520,Nick,Easton,C
2553433,Mario,Edwards,DE
2552296,Kyle,Emanuel,LB
2552240,Cameron,Erving,C
2553710,Deshazor,Everett,CB
2552343,Jon,Feliciano,OG
2550562,James,Ferentz,C
2552360,Jake,Fisher,OT
2552452,Ereck,Flowers,OT
2552278,Trey,Flowers,DE
2550198,Bennie,Fowler,WR
2553523,Alani,Fua,LB
2552458,Devin,Funchess,WR
2552583,Max,Garcia,OG
2550292,Shamiel,Gary,S
2552386,Clayton,Geathers,S
2552467,Mark,Glowinski,OG
2552273,Markus,Golden,LB
2552489,Eddie,Goldman,DT
2553460,Denzelle,Good,OG
2552469,Melvin,Gordon,RB
2553650,Corey,Grant,RB
2552245,Hroniss,Grasu,C
2552666,Chaz,Green,OT
2552491,Dorial,Green-Beckham,WR
2552447,Shaq,Green-Thompson,LB
2552425,Rashad,Greene,WR
2552446,Randy,Gregory,DE
2552271,Geneo,Grissom,LB
2553528,LaDarius,Gunter,CB
2553437,Rodney,Gunter,DE
2552475,Todd,Gurley,RB
2552637,Obum,Gwacham,DE
2552307,Bryce,Hager,LB
2552418,Justin,Hardy,WR
2552494,Eli,Harold,LB
2553652,Chris,Harper,WR
2553655,Anthony,Harris,S
2552335,Bobby,Hart,OT
2552363,Rob,Havenstein,OT
2552306,Ben,Heeney,LB
2553657,Neville,Hewitt,LB
2552315,Jordan,Hicks,LB
4383,Tim,Hightower,RB
2553536,Troy,Hill,CB
2552317,Mike,Hull,LB
2553895,Adam,Humphries,WR
2552626,D.J.,Humphries,OT
2552588,Brett,Hundley,QB
2553660,Akeem,Hunt,RB
2552603,Danielle,Hunter,DE
2550433,Kerry,Hyder,DE
2550487,Gabe,Ikard,C
2553805,David,Irving,DT
2552633,Jesse,James,TE
2552327,Grady,Jarrett,DT
2553896,Darius,Jennings,WR
2550166,Ulrick,John,OT
2553435,David,Johnson,RB
2552461,Duke,Johnson,RB
2553545,Isaiah,Johnson,S
2552261,Kevin,Johnson,CB
2553446,Malcolm,Johnson,RB
2552568,Byron,Jones,S
2552635,Matt,Jones,RB
2543836,T.J.,Jones,WR
2553897,Harold,Jones-Quartey,S
2552312,Eric,Kendricks,LB
2550361,Zac,Kerin,OG
2553719,Josh,Keyes,LB
2552292,Hau'oli,Kikaha,LB
2552326,Darius,Kilgo,DT
2553456,Akeem,King,CB
2553665,Brandon,King,CB
2552333,Arie,Kouandjio,OG
2550216,Jonathan,Krause,WR
2552586,Tyler,Kroft,TE
2553667,Matt,LaCosse,TE
2553549,Kendall,Lamm,OT
2552379,Jeremy,Langford,RB
2553552,Khari,Lee,TE
2539276,Kapron,Lewis-Moore,DE
2552427,Tony,Lippett,CB
2552430,Tyler,Lockett,WR
2553722,Matt,Longacre,DE
2553774,Cameron,Lynch,LB
2552383,Terrence,Magee,RB
2552570,Craig,Mager,CB
2553560,Greg,Mancz,C
2552576,Sean,Mannion,QB
2552466,Marcus,Mariota,QB
2552332,Ali,Marpet,OG
2553725,Bradley,Marquez,WR
2553726,Ronald,Martin,S
2552563,Shaq,Mason,OG
2552297,Lorenzo,Mauldin,LB
2553441,David,Mayo,LB
2553564,Joey,Mbu,DT
2552428,Tre,McBride,WR
2552434,Bobby,McCain,CB
2553234,Dexter,McDonald,CB
2543608,Dexter,McDougle,CB
2553911,T.Y.,McGill,DT
2552490,Benardrick,McKinney,LB
2553568,Cameron,Meredith,WR
2553436,John,Miller,OG
238457,Zach,Miller,TE
2552429,Ty,Montgomery,RB
2553817,Corey,Moore,S
2552668,Mitch,Morse,C
2553728,Raheem,Mostert,RB
2553932,Daniel,Munyer,C
2552647,Marcus,Murphy,RB
2552656,J.J.,Nelson,WR
2552265,Steven,Nelson,CB
71417,Jordan,Norwood,WR
2538176,Ty,Nsekhe,OT
2552674,Rakeem,Nunez-Roches,DT
2552684,Mark,Nzeocha,LB
2552403,Nick,O'Leary,TE
2553318,James,O'Shaughnessy,TE
2552275,Owa,Odighizuwa,DE
2552355,Cedric,Ogbuehi,OT
2541873,Earl,Okine,DE
2550236,Deji,Olatoye,CB
2552299,Nate,Orchard,LB
2550155,Matt,Paradis,C
2553840,Brian,Parker,TE
2552409,DeVante,Parker,WR
2552438,David,Parry,DT
2552455,Andrus,Peat,OG
2552597,Breshad,Perriman,WR
2552310,Denzel,Perryman,LB
2552730,Brian,Peters,LB
2552488,Marcus,Peters,CB
2552369,Bryce,Petty,QB
2550383,Dashaun,Phillips,CB
2552492,Jordan,Phillips,DT
2552676,Darius,Philon,DE
2549978,Eric,Pinkins,CB
2552590,Jeremiah,Poutasi,OG
2552401,MyCole,Pruitt,TE
2550386,Jarrod,Pughsley,OG
2552313,Hayes,Pullard,LB
2550528,Brent,Qvale,OT
2552389,Damarious,Randall,CB
2553733,Thomas,Rawls,RB
2552451,Shane,Ray,LB
2543582,Keith,Reaser,CB
2543656,Ed,Reynolds,S
2549991,Demetrius,Rhaney,OG
2553736,Denzel,Rice,S
2552392,Jordan,Richards,S
2553821,Cody,Riggs,CB
2550597,Seth,Roberts,WR
2552356,Corey,Robinson,OT
2552441,Edmond,Robinson,LB
2552263,Quinten,Rollins,CB
2552255,Eric,Rowe,CB
2552277,Ryan,Russell,DE
2552314,Jake,Ryan,LB
2552366,Ty,Sambrailo,OT
2552696,James,Sample,S
2552032,Brandon,Scherff,OG
2552259,Josh,Shaw,CB
2552325,Danny,Shelton,DT
2552495,Austin,Shepherd,OT
2553457,Trevor,Siemian,QB
2552338,Ian,Silberman,OT
2552678,Deon,Simon,DT
2552253,D'Joun,Smith,CB
2552390,Derron,Smith,S
2553434,Devin,Smith,WR
2552460,Donovan,Smith,OT
2552276,Preston,Smith,LB
2553743,Rod,Smith,RB
2552449,Tye,Smith,CB
2552279,Za'Darius,Smith,LB
2550256,Willie,Snead,WR
2552316,Martrell,Spaight,LB
2553824,Quinton,Spain,OG
2553451,Neal,Sterling,TE
2552463,Jaelen,Strong,WR
2553454,Geoff,Swaim,TE
2552436,Damian,Swann,CB
2550405,Erik,Swoope,TE
2552391,Jaquiski,Tartt,S
2553607,Robenson,Therezie,S
2550262,Joe,Thomas,LB
2553609,Carlos,Thompson,LB
2543653,Khyri,Thornton,DT
2550406,D.J.,Tialavea,TE
2553610,John,Timu,LB
2552345,Laken,Tomlinson,OG
2553830,Will,Tye,TE
2543765,Brent,Urban,DE
2552559,C.J.,Uzomah,TE
2553687,Zach,Vigil,LB
2550130,Alejandro,Villanueva,OT
2552397,Clive,Walford,TE
2550267,Josh,Walker,OG
2552408,Darren,Waller,TE
2552444,L.T.,Walton,DE
2553762,Terron,Ward,RB
2550664,Craig,Watts,OG
2552448,Trae,Waynes,CB
2553763,De'Ondre,Wesley,OT
2552657,DeAndrew,White,WR
2553621,Lucky,Whitehead,WR
2553332,Cody,Wichmann,OG
2553748,Darrell,Williams,OT
2552357,Daryl,Williams,OT
2554138,Kasen,Williams,WR
2552486,Leonard,Williams,DT
2552468,Maxx,Williams,TE
2539197,Michael,Williams,TE
2553486,Trey,Williams,RB
2553913,Tyrell,Williams,WR
2553764,Xavier,Williams,DT
2552686,Damien,Wilson,LB
2552320,Ramik,Wilson,LB
2552033,Jameis,Winston,QB
2552282,Gabe,Wright,DT
2552471,T.J.,Yeldon,RB
2556718,Mehdi,Abdesmad,DE
2556456,Andrew,Adams,S
2555311,Jerell,Adams,TE
2556843,Dominique,Alexander,LB
2555177,Mackensie,Alexander,CB
2555146,Vadal,Alexander,OT
2556460,Geronimo,Allison,WR
2556462,Robby,Anderson,WR
2556463,Stephen,Anderson,TE
2553489,Zaire,Anderson,LB
2555277,Eli,Apple,CB
2555465,DeMarcus,Ayers,WR
2556465,Alex,Balducci,OG
2556466,Peyton,Barber,RB
2556467,Adairius,Barnes,CB
2553790,DeVante,Bausby,CB
2555208,Willie,Beavers,OG
2555530,Vonn,Bell,S
2555488,Caleb,Benenoch,OG
497270,Arrelious,Benn,WR
2553490,Brennen,Beyer,LB
2542053,Freddie,Bishop,LB
2555251,Ronald,Blair,DE
2555180,Austin,Blythe,C
2556475,Briean,Boddy-Calhoun,S
2555181,Evan,Boehm,OG
2555223,Devontae,Booker,RB
2555249,Joey,Bosa,DE
2555466,Tyler,Boyd,WR
2556477,Trevone,Boykin,QB
2555175,James,Bradberry,CB
2556478,Ben,Braunecker,TE
2556479,Jake,Brendel,C
2556480,Kentrell,Brice,CB
2555261,Jacoby,Brissett,QB
2555168,Kentrell,Brothers,LB
2555531,Anthony,Brown,CB
2556148,Jatavis,Brown,LB
2553867,Mack,Brown,RB
2555275,DeForest,Buckner,DE
2555335,Jonathan,Bullard,DE
2555362,Aaron,Burbridge,WR
2555344,Artie,Burns,CB
2555313,Juston,Burris,CB
2555155,Deon,Bush,S
2555243,Vernon,Butler,DT
2555158,Kevin,Byard,S
2553499,Damiere,Byrd,WR
2555294,Shilique,Calhoun,LB
2555255,De'Vondre,Campbell,LB
2555178,Maurice,Canady,CB
2555215,Leonte,Carroo,WR
2556846,Jeremy,Cash,LB
2556277,Marqui,Christian,CB
2555282,Kenny,Clark,DT
2555202,Le'Raven,Clark,OT
2555333,Corey,Coleman,WR
2555337,Shon,Coleman,OT
2555430,Alex,Collins,RB
2555400,Maliek,Collins,DT
2555279,Jack,Conklin,OT
2555332,Connor,Cook,QB
2555419,Pharoh,Cooper,WR
2555331,Cody,Core,WR
2555339,Kamalei,Correa,LB
2556374,Blake,Countess,CB
2556797,James,Cowser,DE
2555345,Su'a,Cravens,LB
2556735,Ken,Crawley,CB
2555136,Joe,Dahl,OG
2541696,Jordan,Dangerfield,S
2555386,Sean,Davis,S
2555413,Trevor,Davis,WR
2555241,Sheldon,Day,DT
2556365,Seth,DeValve,TE
2555206,Taylor,Decker,OT
2552580,A.J.,Derby,TE
2555372,K.J.,Dillon,S
2555229,Kenneth,Dixon,RB
2553875,Travell,Dixon,CB
2555343,Josh,Doctson,WR
2555338,Kevin,Dodd,LB
2555230,Kenyan,Drake,RB
2555144,Spencer,Drango,OG
2555032,Cornelius,Edison,C
2555203,Parker,Ehinger,OG
2556518,DeAndre,Elliott,CB
2555224,Ezekiel,Elliott,RB
2556934,Javien,Elliott,CB
2556737,Alex,Ellis,TE
2556519,Alex,Erickson,WR
2555234,Tyler,Ervin,RB
2556800,Marwin,Evans,CB
2556520,Anthony,Fabiano,C
2555340,Kyler,Fackrell,LB
2556524,George,Fant,OT
2556429,Matthias,Farley,CB
2556801,Kenneth,Farrow,RB
2555355,Clayton,Fejedelem,S
2556411,Josh,Ferguson,RB
2553711,B.J.,Finney,OG
2555285,Leonard,Floyd,LB
2555167,Josh,Forrest,LB
2556528,D.J.,Foster,RB
2553431,Dante,Fowler,DE
2556529,Morgan,Fox,DE
2555536,Kavon,Frazier,S
2555349,Kendall,Fuller,CB
2555346,Will,Fuller,WR
2555138,Joshua,Garnett,OG
2556738,Quentin,Gause,LB
2555182,Graham,Glasgow,OG
2555334,Jared,Goff,QB
2555522,B.J.,Goodson,LB
2550767,C.J.,Goodwin,CB
2556802,Dillon,Gordon,OG
2555502,Adam,Gotsis,DT
2555537,T.J.,Green,S
2550521,Xavier,Grimble,TE
2556363,Kamu,Grugier-Hill,LB
2555371,Joe,Haeg,OT
2555366,Deiondre',Hall,CB
2556804,Antonio,Hamilton,CB
2539203,Cobi,Hamilton,WR
2556546,Woodrow,Hamilton,DT
2553771,Connor,Hamlett,TE
2555239,Javon,Hargrave,DT
2555299,Vernon,Hargreaves,CB
2556833,De'Vante,Harris,CB
2555568,Erik,Harris,CB
2556404,Maurice,Harris,WR
2556550,Josh,Hawkins,CB
2556551,Joel,Heath,DE
2556075,Derrick,Henry,RB
2555341,Hunter,Henry,TE
2552399,Jeff,Heuerman,TE
2555364,Tyler,Higbee,TE
2555468,Rashard,Higgins,WR
2556557,Rashod,Hill,OT
2556214,Tyreek,Hill,WR
2555263,Kevin,Hogan,QB
2556126,Tyrone,Holmes,DE
2556805,Johnny,Holton,WR
2555415,Austin,Hooper,TE
2550208,Trey,Hopkins,OG
2555381,DeAndre,Houston-Carson,S
2555418,Jordan,Howard,RB
2556853,Tracy,Howard,CB
2555539,Xavien,Howard,CB
2555185,Joey,Hunt,C
2556562,Michael,Hunter,CB
2555395,Germain,Ifedi,OG
2555240,Matthew,Ioannidis,DT
2556352,Prince Charles,Iworah,CB
2555329,Myles,Jack,LB
2556880,Branden,Jackson,DE
2553541,Edwin,Jackson,LB
2555303,Cory,James,LB
2555358,Quinton,Jefferson,DT
2555256,Jordan,Jenkins,LB
2556368,Austin,Johnson,DT
2539654,Josh,Johnson,CB
2553806,Toby,Johnson,DT
2552714,Brett,Jones,OG
2555426,Cardale,Jones,QB
2556369,Chris,Jones,DE
2555380,Cyrus,Jones,CB
2555162,Deion,Jones,LB
2556571,Jonathan,Jones,CB
2556573,Michael,Jordan,CB
2555342,Karl,Joseph,S
2555505,Matt,Judon,LB
2556574,Ufomba,Kamalu,DE
2555145,Ted,Karras,OG
2555156,Jayron,Kearse,S
2556749,Bryson,Keeton,CB
2556414,Rob,Kelley,RB
2555191,Ryan,Kelly,C
2556415,Joe,Kerridge,RB
2555387,Cody,Kessler,QB
2555315,Miles,Killebrew,S
2555540,Derrick,Kindred,S
2556857,Denver,Kirkland,OG
2552396,Ben,Koyack,TE
2556580,Henry,Krieger-Coble,TE
2555288,Nick,Kwiatkoski,LB
2556585,DaVonte,Lambert,DE
2556809,Chris,Landrum,LB
2550493,Tyler,Larsen,C
2555219,Daniel,Lasco,RB
2556811,Darius,Latham,DT
2555252,Shaq,Lawson,DE
2556587,Cre'von,LeBlanc,CB
2555322,Darron,Lee,LB
2553554,Matt,Lengel,TE
2555353,Alex,Lewis,OG
2556592,Roger,Lewis,WR
2556752,Tommylee,Lewis,WR
2556593,Cory,Littleton,LB
2555473,Ricardo,Louis,WR
2555274,Dean,Lowry,DE
2555542,Jordan,Lucas,S
2555316,Paxton,Lynch,QB
2552622,Chris,Manhertz,TE
2553815,Justin,March-Lillard,LB
2556841,Byron,Marshall,WR
2556606,Jalin,Marshall,WR
2553563,Gabe,Martin,LB
2555161,Blake,Martinez,LB
2555171,Tyler,Matakevich,LB
2556609,Johnny,Maxey,DT
2555569,Dexter,McCoil,S
2556612,Tanner,McEvoy,WR
2556440,J.D.,McKissic,WR
2556615,Paul,McRoberts,WR
2556617,Doug,Middleton,CB
2555348,Braxton,Miller,WR
2555174,Harlan,Miller,S
2555383,Jalen,Mills,CB
2556394,Chris,Milton,CB
2555216,Malcolm,Mitchell,WR
2541096,Ifeanyi,Momah,TE
2555209,Chris,Moore,WR
2555306,David,Morgan,TE
2555160,Antonio,Morrison,LB
2555200,Kyle,Murphy,OT
2556627,Pace,Murphy,OT
2555173,Eric,Murray,CB
2555270,Carl,Nassib,DE
2555543,Keanu,Neal,S
2556443,Sharrod,Neasman,CB
2555421,Yannick,Ngakoue,DE
2553458,Taurean,Nixon,CB
2555336,Robert,Nkemdiche,DT
2556862,Jared,Norris,LB
2555142,Rees,Odhiambo,OG
2555278,Emmanuel,Ogbah,DE
2556641,Romeo,Okwara,DE
2556642,Patrick,Onwuasor,LB
2556274,David,Onyemata,DT
2556278,Will,Parks,CB
2555370,Jordan,Payton,WR
2555477,Charone,Peake,WR
2556646,Kyle,Peko,DT
2556444,Josh,Perkins,TE
2555460,Paul,Perkins,RB
2555326,Joshua,Perry,LB
2556650,Michael,Pierce,DE
2556652,Lafayette,Pitts,CB
2556445,Brian,Poole,CB
2556655,Tyvis,Powell,S
2555260,Dak,Prescott,QB
2555417,C.J.,Prosise,RB
2556821,Spencer,Pulley,C
2555280,Jalen,Ramsey,CB
2555242,Sheldon,Rankins,DT
2555388,D.J.,Reader,DE
2553679,Chris,Reed,OG
2555238,Jarran,Reed,DT
2556380,Kalan,Reed,CB
2554352,Trovon,Reed,CB
2553452,Austin,Reiter,C
2556885,Jalen,Richard,RB
2555514,Hassan,Ridgeway,DT
2553461,Christian,Ringo,DE
2553353,Darryl,Roberts,CB
2556119,Elandon,Roberts,LB
2555265,A'Shawn,Robinson,DT
2555546,Rashard,Robinson,CB
2556396,Chester,Rogers,WR
2553737,Eli,Rogers,WR
2555547,KeiVarae,Russell,CB
2555548,Zack,Sanchez,CB
2556673,Brennan,Scarlett,LB
2555166,Joe,Schobert,LB
2555495,Isaac,Seumalo,OG
2555549,Kevon,Seymour,CB
2553476,Al-Hajj,Shabazz,CB
2555317,Tajae,Sharpe,WR
2555193,Brandon,Shell,OT
2555295,Sterling,Shepard,WR
2555550,Justin,Simmons,S
2555551,LeShaun,Sims,CB
2555461,Wendell,Smallwood,RB
2552627,DeAndre,Smelter,WR
2556774,C.J.,Smith,CB
2550503,Garrison,Smith,DT
2555552,Ryan,Smith,CB
2556775,Terrance,Smith,LB
2555312,Noah,Spence,DE
2555197,Jason,Spriggs,OG
2555204,Ronnie,Stanley,OT
2553606,Jordan,Taylor,WR
2552660,Randall,Telfer,TE
2555198,John,Theus,OT
2556695,Lawrence,Thomas,DE
2556370,Michael,Thomas,WR
2556381,Mike,Thomas,WR
2555154,Darian,Thompson,S
2553438,Mykkele,Thompson,CB
2555281,Joe,Thuney,OG
2555194,Cole,Toner,OG
2553611,Lynden,Trail,LB
2554630,Ross,Travis,TE
2555214,Laquon,Treadwell,WR
2556697,Bryce,Treggs,WR
2555143,Sebastian,Tretola,OG
2555201,Laremy,Tunsil,OG
2556784,Landon,Turner,OG
2556785,Paul,Turner,WR
2556786,Destiny,Vaeao,DT
2555196,Halapoulivaati,Vaitai,OT
2555517,Vincent,Valentine,DT
2555289,Nick,Vannett,TE
2555528,Nick,Vigil,LB
2543431,Jeremy,Vujnovich,OT
2555320,Aaron,Wallace,LB
2556702,Channing,Ward,DT
2555248,Jihad,Ward,DE
2550642,Julius,Warmsley,DE
2555235,Adolphus,Washington,DE
2555464,DeAndre,Washington,RB
2556118,Dwayne,Washington,RB
2553617,Terrell,Watson,RB
2555529,Stephen,Weatherly,DE
2555259,Carson,Wentz,QB
2556787,Leonard,Wester,OT
2539207,John,Wetzel,OT
2555555,D.J.,White,CB
2553432,Kevin,White,WR
2555132,Cody,Whitehair,C
2556708,Cole,Wick,TE
2556454,Brandon,Wilds,RB
2556376,Antwione,Williams,LB
2556371,Brandon,Williams,CB
2553623,DeShawn,Williams,DT
2555227,Jonathan,Williams,RB
2552484,P.J.,Williams,CB
2556828,Trevor,Williams,CB
2556710,Wendall,Williams,WR
2556711,Jarrod,Wilson,CB
2550606,Bryan,Witzmann,OT
2556792,Antwaun,Woods,DT
2555394,Daryl,Worley,CB
2556382,Scooby,Wright,LB
2553630,Shane,Wynn,WR
2555378,Tavon,Young,CB
2555268,Anthony,Zettel,DT